Gun Law Category,Percentage of Total Guns
Loose,20.004133085348215
Moderate,18.412895226286423
None,20.872081008472826
Strict,40.71089067989254
