{"ID":11003,"Recoveries":208,"Latitude":9.8786182,"Longitude":-84.1197509}
{"ID":11010,"Recoveries":32,"Latitude":36.5059052,"Longitude":-6.2756187}
{"ID":11020,"Recoveries":66,"Latitude":40.7740639,"Longitude":-73.7197086}
{"ID":11096,"Recoveries":15,"Latitude":18.5175036,"Longitude":-69.8637272}
{"ID":11426,"Recoveries":24,"Latitude":44.6089831,"Longitude":20.3587899}
{"ID":11501,"Recoveries":100,"Latitude":18.4889666,"Longitude":-69.8680868}
{"ID":11509,"Recoveries":5,"Latitude":18.505999,"Longitude":-69.8293902}
{"ID":11510,"Recoveries":64,"Latitude":42.9125873,"Longitude":2.9375152}
{"ID":11514,"Recoveries":5,"Latitude":40.7502724,"Longitude":-73.6118222}
{"ID":11516,"Recoveries":3,"Latitude":18.5105907,"Longitude":-69.8331426}
{"ID":11518,"Recoveries":24,"Latitude":30.0463764,"Longitude":31.2471536}
{"ID":11520,"Recoveries":177,"Latitude":19.4417277,"Longitude":-99.1900193}
{"ID":11530,"Recoveries":28,"Latitude":19.4328676,"Longitude":-99.2050286}
{"ID":11542,"Recoveries":30,"Latitude":50.9675492,"Longitude":28.7256756}
{"ID":11545,"Recoveries":14,"Latitude":50.9103271,"Longitude":28.8565877}
{"ID":11548,"Recoveries":1,"Latitude":40.8127407,"Longitude":-73.6252371}
{"ID":11549,"Recoveries":9,"Latitude":36.8418359,"Longitude":-6.3158719}
{"ID":11550,"Recoveries":324,"Latitude":19.431887,"Longitude":-99.1934248}
{"ID":11552,"Recoveries":28,"Latitude":50.9736876,"Longitude":28.481716}
{"ID":11553,"Recoveries":348,"Latitude":30.0177415,"Longitude":31.2261392}
{"ID":11554,"Recoveries":48,"Latitude":30.0151509,"Longitude":31.2353247}
{"ID":11557,"Recoveries":21,"Latitude":40.6399823,"Longitude":-73.6950827}
{"ID":11558,"Recoveries":12,"Latitude":30.0580333,"Longitude":31.2595539}
{"ID":11559,"Recoveries":5,"Latitude":40.6143756,"Longitude":-73.7305085}
{"ID":11560,"Recoveries":12,"Latitude":43.21471,"Longitude":3.1751229}
{"ID":11561,"Recoveries":88,"Latitude":25.0508607,"Longitude":121.6045422}
{"ID":11563,"Recoveries":54,"Latitude":30.0625648,"Longitude":31.2593023}
{"ID":11566,"Recoveries":88,"Latitude":50.7825896,"Longitude":28.3654547}
{"ID":11568,"Recoveries":10,"Latitude":30.0633753,"Longitude":31.2206703}
{"ID":11569,"Recoveries":4,"Latitude":40.5903196,"Longitude":-73.5809401}
{"ID":11570,"Recoveries":78,"Latitude":43.148888,"Longitude":2.3892583}
{"ID":11572,"Recoveries":52,"Latitude":50.8536507,"Longitude":28.6046233}
{"ID":11575,"Recoveries":96,"Latitude":30.0113305,"Longitude":31.2642961}
{"ID":11576,"Recoveries":2,"Latitude":50.8397232,"Longitude":28.8061104}
{"ID":11577,"Recoveries":6,"Latitude":30.0647534,"Longitude":31.2602457}
{"ID":11579,"Recoveries":16,"Latitude":36.6714683,"Longitude":-5.9068868}
{"ID":11580,"Recoveries":132,"Latitude":19.420251,"Longitude":-99.187029}
{"ID":11581,"Recoveries":82,"Latitude":30.0105849,"Longitude":31.259357}
{"ID":11590,"Recoveries":136,"Latitude":43.2757972,"Longitude":2.9590846}
{"ID":11598,"Recoveries":32,"Latitude":40.6333655,"Longitude":-73.7139802}
{"ID":11709,"Recoveries":23,"Latitude":37.7166877,"Longitude":127.0475312}
{"ID":11710,"Recoveries":94,"Latitude":-6.1540371,"Longitude":106.7782591}
{"ID":11714,"Recoveries":26,"Latitude":30.1214088,"Longitude":31.3064693}
{"ID":11732,"Recoveries":3,"Latitude":31.9065739,"Longitude":35.8685523}
{"ID":11753,"Recoveries":5,"Latitude":37.7539833,"Longitude":127.0713363}
{"ID":11758,"Recoveries":55,"Latitude":30.1319589,"Longitude":31.3068259}
{"ID":11762,"Recoveries":27,"Latitude":30.0510808,"Longitude":31.3501441}
{"ID":11771,"Recoveries":2,"Latitude":29.9808832,"Longitude":31.3535237}
{"ID":11773,"Recoveries":3,"Latitude":30.1394311,"Longitude":31.407035}
{"ID":11783,"Recoveries":182,"Latitude":50.4904433,"Longitude":27.7932677}
{"ID":11791,"Recoveries":40,"Latitude":29.8370534,"Longitude":31.359923}
{"ID":11793,"Recoveries":30,"Latitude":30.1450947,"Longitude":31.3441078}
{"ID":11801,"Recoveries":92,"Latitude":18.5122468,"Longitude":-69.8305305}
{"ID":11803,"Recoveries":22,"Latitude":18.4932078,"Longitude":-69.8179175}
{"ID":11804,"Recoveries":2,"Latitude":9.9073136,"Longitude":-84.0396595}
